club,name,NAME_KEY
Breeze,AariMcDonald,AARIMCDONALD
Breeze,KateMartin,KATEMARTIN
Breeze,CameronBrink,CAMERONBRINK
Breeze,DominiqueMalonga,DOMINIQUEMALONGA
Breeze,RickeaJackson,RICKEAJACKSON
Breeze,PaigeBueckers,PAIGEBUECKERS
Hive,MoniqueBillings,MONIQUEBILLINGS
Hive,SaniyaRivers,SANIYARIVERS
Hive,NatishaHiedeman,NATISHAHIEDEMAN
Hive,EziMagbegor,EZIMAGBEGOR
Hive,SoniaCitron,SONIACITRON
Hive,KelseyMitchell,KELSEYMITCHELL
Laces,JackieYoung,JACKIEYOUNG
Laces,AlyssaThomas,ALYSSATHOMAS
Laces,NazHillmon,NAZHILLMON
Laces,MaddySiegrist,MADDYSIEGRIST
Laces,JordinCanada,JORDINCANADA
Laces,BrittneySykes,BRITTNEYSYKES
Lunar Owls,NapheesaCollier,NAPHEESACOLLIER
Lunar Owls,AaliyahEdwards,AALIYAHEDWARDS
Lunar Owls,RebeccaAllen,REBECCAALLEN
Lunar Owls,SkylarDiggins,SKYLARDIGGINS
Lunar Owls,MarinaMabrey,MARINAMABREY
Lunar Owls,RachelBanham,RACHELBANHAM
Mist,BreannaStewart,BREANNASTEWART
Mist,ArikeOgunbowale,ARIKEOGUNBOWALE
Mist,VeronicaBurton,VERONICABURTON
Mist,AlannaSmith,ALANNASMITH
Mist,LiYueru,LIYUERU
Mist,AllishaGray,ALLISHAGRAY
Phantom,SatouSabally,SATOUSABALLY
Phantom,NatashaCloud,NATASHACLOUD
Phantom,DanaEvans,DANAEVANS
Phantom,AliyahBoston,ALIYAHBOSTON
Phantom,KikiIriafen,KIKIIRIAFEN
Phantom,KelseyPlum,KELSEYPLUM
Phantom,TiffanyHayes,TIFFANYHAYES
Rose,ShakiraAustin,SHAKIRAAUSTIN
Rose,LexieHull,LEXIEHULL
Rose,SugSutton,SUGSUTTON
Rose,Azur√°Stevens,AZURSTEVENS
Rose,ChelseaGray,CHELSEAGRAY
Rose,KahleahCopper,KAHLEAHCOPPER
Vinyl,BrittneyGriner,BRITTNEYGRINER
Vinyl,RaeBurrell,RAEBURRELL
Vinyl,EricaWheeler,ERICAWHEELER
Vinyl,DearicaHamby,DEARICAHAMBY
Vinyl,RhyneHoward,RHYNEHOWARD
Vinyl,CourtneyWilliams,COURTNEYWILLIAMS
